Week Ending/Date,Kolkata,Guwahati,Siliguri,Jalpaiguri,mjunction,Cochin,Coonoor,Coimbatore,Tea Serve
01/01/1900,N.S.,N.S.,79.99,N.S.,,90.19,71.64,72.63,64.77
01/01/1900,87.52,80.30,N.S.,N.S.,,89.21,71.92,71.43,62.85
01/01/1900,92.20,N.S.,82.52,N.S.,,86.25,71.55,70.82,64.34
01/01/1900,106.69,86.81,89.23,N.S.,,83.67,71.97,70.87,64.46
01/01/1900,108.90,86.95,96.18,N.S.,,82.19,71.37,70.06,64.24
27/12/2008,103.39,87.25,84.90,N.S.,,N.S.,N.S.,N.S.,64.4
20/12/2008,104.46,89.05,86.30,N.S.,,77.65,65.74,69.01,59.0
13/12/2008,105.00,89.91,86.17,N.S.,,75.13,61.88,64.50,56.5
06/12/2008,108.20,94.72,85.79,N.S.,,70.67,59.19,60.17,57.37
29/11/2008,109.96,96.85,86.99,N.S.,,79.50,60.97,61.46,59.31
22/11/2008,108.40,96.76,86.72,N.S.,,83.90,66.11,68.63,63.78
15/11/2008,109.03,98.77,89.07,N.S.,,81.31,68.07,71.00,65.17
08/11/2008,107.71,100.19,90.18,N.S.,,N.S.,69.12,70.73,65.37
01/11/2008,109.46,101.34,90.01,N.S.,,83.95,74.88,72.75,68.22
25/10/2008,114.23,106.50,96.21,N.S.,,90.24,79.69,N.S.,75.94
18/10/2008,113.59,107.29,98.95,N.S.,,93.65,83.14,84.21,79.83
11/10/2008,N.S.,N.S.,N.S.,N.S.,,91.01,82.26,84.37,79.08
04/10/2008,111.43,105.19,97.97,N.S.,,90.63,80.32,82.36,76.96
27/09/2008,109.64,105.57,97.14,N.S.,,99.95,83.73,87.14,82.95
20/09/2008,108.36,102.49,97.94,N.S.,,95.39,83.36,86.45,79.72
13/09/2008,103.26,98.78,91.65,N.S.,,N.S.,75.47,79.64,71.44
06/09/2008,102.05,97.33,88.80,N.S.,,86.09,71.96,75.18,68.57
30/08/2008,100.87,95.96,88.54,N.S.,,81.37,70.36,71.79,67.9
23/08/2008,102.00,96.18,89.13,N.S.,,81.64,70.75,73.02,68.96
16/08/2008,100.64,95.55,88.31,N.S.,,81.39,71.62,74.72,70.51
09/08/2008,98.50,93.18,87.57,N.S.,,76.23,69.80,70.66,68.83
02/08/2008,97.27,92.36,87.63,N.S.,,72.88,67.21,68.90,65.9
26/07/2008,97.86,91.84,86.69,N.S.,,67.50,63.98,65.86,64.08
19/07/2008,99.42,91.65,84.84,N.S.,,66.50,62.36,63.07,62.16
12/07/2008,100.11,92.86,84.06,N.S.,,65.30,61.74,62.67,61.95
05/07/2008,101.61,93.22,85.92,N.S.,,65.57,61.45,63.73,63.01
28/06/2008,102.25,94.94,89.44,N.S.,,67.19,62.68,63.39,61.77
21/06/2008,101.00,95.82,91.30,N.S.,,64.21,61.96,62.23,61.68
14/06/2008,95.50,93.95,94.07,N.S.,,61.35,60.62,60.20,60.28
07/06/2008,91.69,89.09,92.96,N.S.,,58.87,60.23,59.40,58.57
31/05/2008,91.23,87.17,90.84,N.S.,,58.76,57.93,57.73,56.32
24/05/2008,92.47,87.21,88.79,N.S.,,58.03,57.02,57.36,55.51
17/05/2008,92.56,87.31,88.36,N.S.,,57.46,55.15,54.30,53.52
10/05/2008,93.09,87.51,86.07,N.S.,,57.61,55.11,54.89,52.54
03/05/2008,95.14,87.51,86.36,N.S.,,59.05,56.17,55.35,53.5
26/04/2008,97.53,90.29,89.43,N.S.,,59.31,56.17,55.60,54.83
19/04/2008,94.81,N.S.,91.14,N.S.,,58.68,54.24,55.14,53.48
12/04/2008,87.47,83.97,90.96,N.S.,,58.60,54.25,54.83,53.55
05/04/2008,79.95,65.64,93.21,N.S.,,57.54,54.63,54.46,52.22
29/03/2008,64.49,N.S.,60.97,N.S.,,57.79,55.17,54.73,53.1
22/03/2008,N.S.,58.96,N.S.,N.S.,,N.S.,55.22,55.64,54.26
15/03/2008,N.S.,N.S.,N.S.,N.S.,,59.85,55.92,56.33,53.34
08/03/2008,66.06,N.S.,60.76,N.S.,,58.58,56,55.53,52.42
01/03/2008,N.S.,55.65,57.02,N.S.,,58.14,53.99,53.8,51.0
23/02/2008,65.69,59.39,58.15,N.S.,,58.53,52.69,53.65,50.0
16/02/2008,67.81,62.5,61.27,N.S.,,57.66,51.8,53.47,49.76
09/02/2008,70.4,63.28,59.63,N.S.,,57.32,52.28,52.6,50.02
02/02/2008,70.39,64.99,62.09,N.S.,,57.06,53.38,52.5,50.33
26/01/2008,73.38,65.66,65.57,N.S.,,54.59,53.43,52.07,48.5
19/01/2008,76.25,71.01,67.16,N.S.,,57.49,52.48,53.18,48.04
12/01/2008,78.73,73.97,68.17,N.S.,,58.02,52.23,53.39,46.84
05/01/2008,79.79,76.19,70.07,N.S.,,57.83,51.67,53.92,46.75
26/12/2009,122.39 ,107.25 ,109.37 ,N.S.,,No sal,73.24 ,No sal,70.36
19/12/2009,122.95 ,111.26 ,113.70 ,N.S.,,81.73 ,74.04 ,74.41 ,69.36
12/12/2009,123.65 ,111.72 ,114.33 ,N.S.,,81.48 ,74.69 ,76.11 ,72.16
05/12/2009,126.73 ,114.98 ,111.19 ,N.S.,,82.72 ,76.90 ,77.44 ,75.31
28/11/2009,126.24 ,120.06 ,110.03 ,N.S.,,84.40 ,76.51 ,77.67 ,72.92
21/11/2009,132.46 ,118.99 ,114.64 ,N.S.,,80.23 ,76.24 ,79.41 ,69.08
14/11/2009,129.38 ,120.09 ,116.15 ,N.S.,,78.86 ,0.00 ,75.37 ,0.0
07/11/2009,129.75 ,118.65 ,115.75 ,N.S.,,79.27 ,70.38 ,73.22 ,64.45
31/10/2009,132.56 ,119.64 ,109.63 ,N.S.,,82.58,68.75 ,72.78 ,65.26
24/10/2009,128.85 ,119.67 ,108.25 ,N.S.,,86.17 ,72.49 ,75.68 ,67.16
17/10/2009,130.14 ,119.69 ,106.18 ,N.S.,,N.S ,73.67 ,N.S ,68.14
10/10/2009,129.80,117.34 ,109.32 ,N.S.,,84.32 ,73.48 ,77.27 ,68.1
03/10/2009,N.S ,N.S ,N.S ,N.S.,,86.50 ,75.59 ,77.85 ,78.6
26/09/2009,129.70 ,114.83 ,105.28 ,N.S.,,89.65 ,76.85 ,80.74 ,79.87
19/09/2009,124.18 ,114.69 ,101.40 ,N.S.,,93.79 ,75.45 ,80.50 ,75.53
12/09/2009,121.40 ,112.62 ,No sal,N.S.,,92.81 ,74.93 ,75.67 ,73.85
05/09/2009,122.13 ,112.43 ,No sal,N.S.,,No sal,73.75 ,78.51 ,70.36
29/08/2009,123.21 ,114.19 ,101.70 ,N.S.,,93.72 ,72.21 ,77.25 ,69.39
22/08/2009,126.20 ,114.15 ,101.14 ,N.S.,,94.20 ,72.27 ,76.49 ,67.87
15/08/2009,123.83 ,113.56 ,102.99 ,N.S.,,96.50 ,70.51 ,75.35 ,67.58
08/08/2009,122.81 ,112.15 ,106.04 ,N.S.,,95.46 ,69.52 ,74.30  ,68.64
01/08/2009,120.93 ,112.08 ,105.19 ,N.S.,,N.S.  ,69.64 ,76.80  ,71.04
25/07/2009,120.67 ,107.28 ,102.15 ,N.S.,,94.40 ,70.54 ,78.85  ,74.15
18/07/2009,124.59 ,106.58 ,103.72 ,N.S.,,87.75 ,73.24 ,80.91 ,81.93
11/07/2009,127.35 ,116.15 ,107.48 ,N.S.,,85.36 ,73.27 ,80.32 ,80.81
04/07/2009,128.69 ,124.03 ,110.79 ,N.S.,,85.16 ,74.69 ,78.76 ,78.81
27/06/2009,130.26 ,125.71 ,116.34 ,N.S.,,86.83 ,78.17 ,79.99 ,77.23
20/06/2009,130.70 ,126.37 ,122.52 ,N.S.,,84.91 ,79.89 ,83.93 ,75.66
13/06/2009,130.55 ,125.04 ,122.77 ,N.S.,,86.70 ,78.10 ,82.01 ,71.83
06/06/2009,134.80 ,N.S.    ,124.09 ,N.S.,,N.S.  ,82.17 ,82.41 ,69.68
30/05/2009,140.00 ,133.75 ,131.76 ,N.S.,,92.08 ,87.92 ,89.46 ,75.26
23/05/2009,139.96 ,133.55 ,136.78 ,N.S.,,N. S. ,88.66 ,90.34 ,81.01
16/05/2009,137.33 ,131.05 ,130.00 ,N.S.,,N. S. ,89.12 ,89.45 ,81.39
09/05/2009,133.97 ,128.70 ,124.07 ,N.S.,,90.76 ,95.60 ,87.86 ,82.08
02/05/2009,126.49 ,122.25 ,118.95 ,N.S.,,87.37 ,85.14 ,83.31 ,79.73
25/04/2009,117.93 ,110.18 ,113.56 ,N.S.,,89.54 ,85.55 ,83.19 ,79.52
18/04/2009,N.S.  ,N.S.  ,115.41 ,N.S.,,89.55 ,82.96 ,83.53 ,76.47
11/04/2009,N.S.  ,98.98  ,110.53 ,N.S.,,N.S.  ,78.37 ,80.77 ,73.77
04/04/2009,81.02   ,N.S.  ,105.29 ,N.S.,,88.83 ,74.26 ,78.55 ,71.61
28/03/2009,N.S.  ,74.71  ,86.52 ,N.S.,,85.09 ,71.05 ,73.39 ,68.16
21/03/2009,76.82   ,N.S.  ,73.40  ,N.S.,,82.96   ,68.76 ,72.54 ,68.68
14/03/2009,No Sal,No Sal,No Sal,N.S.,,85.84 ,69.92 ,64.13 ,68.04
07/03/2009,79.54   ,71.10  ,71.73 ,N.S.,,82.81 ,82.05 ,73.10 ,69.06
28/02/2009,79.92,74.41 ,71.29 ,N.S.,,82.62 ,69.47 ,71.27 ,68.95
21/02/2009,84.39  ,75.27  ,78.25 ,N.S.,,75.10 ,82.90 ,69.85 ,66.39
14/02/2009,87.95  ,79.98  ,78.25 ,N.S.,,83.92 ,69.93 ,70.90 ,65.14
07/02/2009,88.99  ,83.24  ,N.S.  ,N.S.,,83.76 ,67.50 ,72.22 ,67.4
31/01/2009,91.45,N.S.,79.27,N.S.,,80.76,69.65,72.30,69.39
24/01/2009,94.14,85.69,N.S.,N.S.,,80.87,N.S.,71.12,69.14
17/01/2009,95.95,87.66,80.58,N.S.,,82.25,69.64,71.66,69.51
10/01/2009,97.74,87.48,82.72,N.S.,,83.31,67.24,70.47,67.39
03/01/2009,99.01,N.S.,84.02,N.S.,,81.66,68.94,70.74,65.55
25/12/2010,122.91,104.50,N.S.,N.S.,,80.28,65.60,68.54,60.77
18/12/2010,125.06,109.00,108.78,N.S.,,79.65,65.34,67.24,59.45
11/12/2010,127.22,110.39,108.57,N.S.,,79.02,63.78,66.84,58.50
04/12/2010,128.61,117.11,106.98,N.S.,,78.99,64.64,66.14,57.19
27/11/2010,131.63,118.31,104.34,N.S.,,79.19,65.10,67.82,56.53
20/11/2010,130.93,120.27,109.46,N.S.,,79.94,65.21,65.21,54.81
13/11/2010,131.62,118.41,109.18,N.S.,,82.80,64.42,66.24,54.11
06/11/2010,132.73,118.83,112.10,N.S.,,82.63,64.54,N.S.,52.88
30/10/2010,133.73,122.23,108.24,N.S.,,83.39,64.65,66.65,51.42
13/10/2010,N.S.,124.62,106.50,N.S.,,84.58,63.59,65.61,52.14
16/10/2010,133.76,N.S.,N.S.,N.S.,,85.06,63.41,66.86,50.36
09/10/2010,135.56,123.41,106.64,N.S.,,85.85,62.47,65.09,50.97
02/10/2010,131.81,123.32,106.39,N.S.,,87.00,61.45,64.76,52.16
25/09/2010,133.27,124.46,104.10,N.S.,,85.92,61.31,65.72,54.50
18/09/2010,133.45,122.48,105.22,N.S.,,88.19,63.50,68.58,51.75
11/09/2010,135.37,125.30,106.66,N.S.,,82.07,63.12,65.37,52.59
04/09/2010,135.83,122.13,105.70,N.S.,,72.98,57.46,56.18,49.30
28/08/2010,136.17,124.84,105.84,N.S.,,N.S,54.27,56.88,47.28
21/08/2010,135.10,126.20,108.02,N.S.,,73.20,53.29,55.27,49.99
14/08/2010,135.72,123.03,109.38,N.S.,,71.81,52.40,55.52,49.53
07/08/2010,131.96,121.00,108.71,N.S.,,71.36,52.30,55.79,48.91
31/07/2010,137.58,122.64,106.85,N.S.,,72.02,52.34,56.30,51.14
24/07/2010,131.27,117.92,108.18,N.S.,,74.06,51.17,55.78,53.00
17/07/2010,129.25,115.76,107.88,N.S.,,74.14,51.02,56.18,46.10
10/07/2010,131.57,118.00,108.61,N.S.,,71.16,50.62,54.90,49.03
03/07/2010,128.06,116.72,109.67,N.S.,,69.52,50.53,55.34,48.24
26/06/2010,124.76,116.28,113.38,N.S.,,66.07,50.77,N.S.,43.11
19/06/2010,117.92,114.86,112.32,N.S.,,66.87,51.66,52.54,44.97
12/06/2010,119.26,114.59,110.43,N.S.,,68.01,53.70,56.53,45.05
05/06/2010,115.92,111.16,110.61,N.S.,,75.58,56.52,57.93,N.S.
29/05/2010,123.00,111.31,104.35,N.S.,,73.43,56.63,58.50,N.S.
22/05/2010,120.76,109.36,105.75,N.S.,,73.09,56.55,58.09,54.33
15/05/2010,120.50,111.43,100.51,N.S.,,75.61,57.14,59.70,51.70
08/05/2010,120.27,115.20,98.57,N.S.,,75.84,56.84,62.34,55.51
01/05/2010,113.96,118.30,99.79,N.S.,,87.24,59.39,68.46,59.32
24/04/2010,109.42,101.15,101.37,N.S.,,81.67,62.27,64.93,59.52
17/04/2010,106.80,N.S.,109.47,N.S.,,83.83,62.15,67.34,60.01
10/04/2010,74.98,81.58,117.50,N.S.,,84.10,61.62,66.34,N.S.
03/04/2010,67.64,66.59,76.87,N.S.,,N.S.,62.68,66.02,63.21
27/03/2010,N.S.,N.S.,N.S.,N.S.,,81.14,63.29,66.29,62.82
20/03/2010,N.S.,N.S.,N.S.,N.S.,,76.59,64.39,65.57,59.61
13/03/2010,75.96,73.71,75.20,N.S.,,74.92,65.34,64.97,62.93
06/03/2010,83.13,75.65,77.93,N.S.,,75.46,66.00,65.45,60.42
27/02/2010,95.47,82.21,81.86,N.S.,,76.50,68.74,65.55,66.11
20/02/2010,99.01,86.76,87.40,N.S.,,75.00,70.56,67.85,69.72
13/02/2010,106.23,87.15,87.43,N.S.,,76.19,71.37,69.81,70.90
06/02/2010,105.73,89.31,90.31,N.S.,,75.96,70.85,69.75,65.15
30/01/2010,110.32,N.S.,94.52,N.S.,,77.28,71.93,70.94,62.84
23/01/2010,106.12 ,91.32 ,94.60 ,N.S.,,80.02 ,70.91 ,71.26 ,63.74 
16/01/2010,N.S.,93.96 ,96.50 ,N.S.,,79.89 ,72.70 ,71.47 ,66.08 
09/01/2010,109.00 ,97.60 ,101.20 ,N.S.,,80.67 ,72.35 ,73.10 ,66.74 
02/01/2010,115.98 ,103.00 ,105.34 ,N.S.,,77.97 ,No Sal,73.67 ,70.24 
26/11/2011,123.35,105.74,100.06,N.S.,,80.71,60.22,64.77,56.37
31/12/2011,124.07,97.82,101.76,N.S.,,N.S.,N.S.,N.S.,N.S.
24/12/2011,121.55,97.94,103.80,N.S.,,80.74,64.22,66.23,62.24
17/12/2011,118.86,96.50,99.38,N.S.,,79.51,61.63,65.04,61.33
10/12/2011,122.54,101.41,96.60,N.S.,,79.39,59.57,64.55,58.85
03/12/2011,127.40,101.55,95.56,N.S.,,79.70,59.31,63.54,57.88
19/11/2011,124.22,104.41,104.16,N.S.,,79.95,61.88,65.16,56.11
12/11/2011,126.11,109.60,104.50,N.S.,,79.94,63.06,66.39,60.91
05/11/2011,126.16,109.80,103.47,N.S.,,80.83,63.37,68.84,61.88
29/10/2011,126.83,114.64,99.51,N.S.,,82.23,65.55,N.S.,60.17
22/10/2011,125.23,111.19,99.97,N.S.,,85.45,67.08,72.09,58.77
15/10/2011,127.88,110.38,97.76,N.S.,,89.74,67.47,71.11,63.54
08/10/2011,N.S.,N.S.,N.S.,N.S.,,94.45,68.30,74.02,62.26
01/10/2011,129.41,112.61,90.75,N.S.,,91.78,67.92,68.45,60.47
24/09/2011,129.12,108.56,94.70,N.S.,,88.34,65.26,69.17,56.80
17/09/2011,124.09,111.82,97.89,N.S.,,83.19,62.64,66.53,55.65
10/09/2011,125.08,110.45,102.12,N.S.,,N.S.,60.56,64.09,55.36
03/09/2011,126.50,109.15,97.50,N.S.,,82.02,59.50,63.23,56.11
27/08/2011,125.23,110.82,102.59,N.S.,,80.09,59.03,63.47,54.64
20/08/2011,126.04,111.48,101.42,N.S.,,77.47,57.80,62.40,53.59
13/08/2011,126.60,111.70,104.61,N.S.,,78.20,56.65,60.51,54.58
06/08/2011,125.91,111.16,105.72,N.S.,,75.99,55.91,59.57,53.14
30/07/2011,125.85,118.42,109.36,N.S.,,75.34,56.64,59.41,53.75
23/07/2011,135.41,122.06,112.84,N.S.,,75.14,56.67,58.44,53.69
16/07/2011,135.67,126.51,113.36,N.S.,,76.60,57.03,59.27,55.37
09/07/2011,138.72,128.37,114.54,N.S.,,73.71,58.61,57.61,52.49
02/07/2011,136.51,133.53,116.14,N.S.,,73.40,58.98,59.04,51.89
25/06/2011,134.28,132.19,122.91,N.S.,,70.36,60.09,59.54,52.27
18/06/2011,131.68,129.36,126.47,N.S.,,71.85,59.41,58.16,50.02
11/06/2011,129.43,126.81,131.21,N.S.,,62.29,57.77,58.87,51.38
04/06/2011,125.08,121.46,133.82,N.S.,,70.96,55.48,55.55,50.87
28/05/2011,127.87,121.10,126.92,N.S.,,72.71,57.06,58.18,53.14
21/05/2011,131.13,123.76,119.78,N.S.,,75.91,57.24,60.42,55.19
14/05/2011,129.55,123.77,114.75,N.S.,,80.15,57.92,61.00,56.20
07/05/2011,134.71,127.52,113.07,N.S.,,79.34,61.27,65.18,57.66
30/04/2011,140.34,131.24,119.55,N.S.,,81.47,62.20,65.87,56.62
23/04/2011,112.23,110.93,123.28,N.S.,,N.S.,63.94,66.96,56.42
16/04/2011,130.49,N.S.,129.94,N.S.,,81.63,64.90,68.28,58.86
09/04/2011,125.68,112.71,133.36,N.S.,,80.86,67.65,68.19,56.79
02/04/2011,71.64,66.40,85.74,N.S.,,79.78,69.81,63.05,58.52
26/03/2011,N.S.,N.S.,N.S.,N.S.,,79.19,70.55,70.02,58.37
19/03/2011,N.S.,N.S.,N.S.,N.S.,,79.59,72.83,70.98,57.48
12/03/2011,86.77,79.00,74.65,N.S.,,82.46,71.21,72.44,59.20
05/03/2011,83.67,N.S.,78.11,N.S.,,81.97,72.81,71.89,57.81
26/02/2011,91.23,76.06,77.20,N.S.,,83.65,72.86,74.77,60.55
19/02/2011,97.43,87.80,78.19,N.S.,,81.96,72.99,75.25,61.67
12/02/2011,102.18,87.99,78.54,N.S.,,N.S.,73.27,74.55,62.01
05/02/2011,107.94,92.20,84.39,N.S.,,81.49,73.22,73.10,68.31
29/01/2011,111.39,N.S.,88.38,N.S.,,82.80,73.14,75.12,69.57
22/01/2011,113.17,93.03,91.70,N.S.,,87.15,73.27,76.50,72.60
15/01/2011,114.48,96.59,99.00,N.S.,,82.39,71.25,74.67,68.76
08/01/2011,115.60,95.83,103.05,N.S.,,79.58,67.62,70.66,63.15
01/01/2011,119.16,101.32,105.78,N.S.,,N.S.,N.S.,N.S.,N.S.
29/12/2012,145.47,131.33,122.91,98.99,,N.S.,N.S.,N.S.,N.S.
22/12/2012,145.30,133.74,126.51,103.02,,103.74,97.88,96.88,99.46
15/12/2012,146.65,138.22,126.77,103.02,,103.25,95.82,95.84,95.91
08/12/2012,146.89,134.98,127.77,103.55,,101.03,93.99,93.35,91.81
01/12/2012,148.97,133.42,128.94,105.07,,99.60,93.50,93.28,92.39
24/11/2012,151.77,134.58,129.38,104.67,,97.39,92.37,92.77,89.49
17/11/2012,149.59,135.22,126.30,100.71,,96.76,89.27,N.S.,87.91
10/11/2012,150.00,131.32,122.44,98.93,,95.50,87.61,89.23,83.62
03/11/2012,145.61,129.20,120.08,96.52,,95.61,83.90,87.27,82.04
27/10/2012,N.S.,N.S.,N.S.,N.S.,,95.87,83.07,87.22,84.82
20/10/2012,147.22,127.64,113.36,94.49,,96.37,84.38,86.88,84.98
13/10/2012,146.07,130.98,113.75,95.27,,97.21,83.76,86.65,82.96
06/10/2012,N.S.,133.24,113.36,97.62,,98.20,84.46,87.92,83.31
29/09/2012,144.86,135.26,112.58,96.20,,99.31,87.22,88.49,83.94
22/09/2012,146.99,136.01,117.89,100.96,,99.18,88.77,91.44,87.24
15/09/2012,149.61,136.53,119.97,106.72,,98.84,92.12,93.07,88.13
08/09/2012,147.33,139.07,121.68,105.08,,96.05,91.72,93.24,89.27
01/09/2012,148.24,138.96,122.95,107.08,,N.S.,90.19,91.41,86.75
25/08/2012,151.27,142.04,125.24,107.66,,93.87,87.54,89.68,87.48
18/08/2012,149.78,141.10,124.41,108.69,,95.17,84.65,87.25,85.96
11/08/2012,151.48,143.23,126.34,110.28,,95.84,84.32,86.11,85.59
04/08/2012,152.58,143.48,127.63,107.42,,97.03,81.44,84.78,83.85
28/07/2012,154.80,142.38,128.59,113.15,,95.79,78.58,82.68,80.22
21/07/2012,154.41,144.16,129.3,110.40,,94.26,77.23,80.73,80.06
14/07/2012,157.21,143.41,127.43,110.96,,93.53,76.14,79.50,80.25
07/07/2012,160.15,148.92,129.80,111.09,,90.19,77.32,80.30,80.81
30/06/2012,158.63,151.69,134.74,118.94,,88.75,79.20,81.00,79.21
23/06/2012,163.32,154.53,141.96,125.93,,91.20,82.43,83.67,78.36
16/06/2012,166.41,158.51,149.13,131.74,,95.89,88.47,85.55,78.88
09/06/2012,174.54,161.87,153.32,134.28,,97.17,92.18,88.24,81.76
02/06/2012,173.92,159.32,156.72,134.18,,97.76,93.13,89.95,81.24
26/05/2012,171.32,160.39,156.51,142.42,,99.43,91.88,89.88,78.20
19/05/2012,164.07,158.06,150.25,143.07,,101.01,86.77,88.23,75.71
12/05/2012,162.1,155.12,145.52,137.45,,97.46,81.8,83.64,72.08
05/05/2012,164.00,158.11,138.39,N.S.,,99.81,79.31,79.95,69.43
28/04/2012,160.41,155.88,141.57,N.S.,,104.59,78.26,78.85,69.14
21/04/2012,124.63,141.97,139.73,N.S.,,103.04,77.22,79.30,68.51
14/04/2012,129.59,158.26,146.26,N.S.,,98.82,75.93,79.57,65.97
07/04/2012,102.56,133.30,122.72,N.S.,,N.S.,74.27,78.68,66.26
31/03/2012,80.03,88.99,112.72,N.S.,,92.47,74.36,76.19,65.95
24/03/2012,N.S.,N.S.,74.04,N.S.,,94.43,73.49,74.8,64.27
17/03/2012,NS ,NS ,79.99,N.S.,,90.19,71.64,72.63,64.77
10/03/2012,87.52,80.30,NS,N.S.,,89.21,71.92,71.43,62.85
03/03/2012,92.20,NS ,82.52,N.S.,,86.25,71.55,70.82,64.34
25/02/2012,99.05,75.41,82.29,N.S.,,84.32,70.55,70.50,63.58
18/02/2012,102.62,86.88,85.09,N.S.,,85.34,71.84,69.81,64.24
11/02/2012,106.69,86.81,89.23,N.S.,,83.67,71.97,70.87,64.46
04/02/2012,108.90,86.95,96.18,N.S.,,82.19,71.37,70.06,64.24
28/01/2012,112.13,86.06,N.S.,N.S.,,82.33,71.33,70.25,67.50
21/01/2012,113.38,87.79,N.S.,N.S.,,81.79,70.43,70.52,68.22
14/01/2012,118.92,89.85,96.94,N.S.,,83.46,67.90,68.00,64.48
07/01/2012,121.61,93.40,98.40,N.S.,,82.74,65.22,68.65,62.63
28/12/2013,143.77,117.81,123.35,N.S.,,NS,NS,NS,NS
21/12/2013,143.51,118.65,120.28,N.S.,,98.56,73.19,80.38,76.66
07/12/2013,152.31,124.53,120.67,N.S.,,95.38,72.31,81.19,75.60
30/11/2013,153.33,124.02,123.10,N.S.,,100.54,74.34,80.88,75.05
23/11/2013,146.15,126.04,126.58,N.S.,,103.56,76.15,84.36,80.97
16/11/2013,144.73,130.60,121.57,N.S.,,104.03,74.35,82.51,77.55
09/11/2013,144.78,131.78,120.62,83.27,,107.97,71.71,81.89,75.77
02/11/2013,145.11 ,130.12 ,117.65 ,85.00 ,,109.59 ,73.69 ,N.S.,75.48 
26/10/2013,148.04 ,132.51 ,118.36 ,N.S. ,,108.72 ,77.29 ,85.07 ,76.88 
19/10/2013,N.S. ,N.S. ,N.S. ,N.S. ,,111.16 ,79.37 ,89.75 ,78.49 
12/10/2013,148.81 ,137.32 ,115.06 ,N.S. ,,118.35 ,84.45 ,96.28 ,82.92 
05/10/2013,148.01 ,135.37 ,116.82 ,85.65 ,,122.77 ,86.29 ,95.26 ,85.66 
28/09/2013,148.10 ,131.59 ,117.97 ,87.74 ,,130.67 ,87.94 ,98.52 ,87.05 
21/09/2013,145.77 ,131.85 ,116.66 ,85.89 ,,N.S.  ,87.87 ,99.81 ,89.14 
14/09/2013,145.36 ,131.07 ,115.76 ,93.50 ,,128.62 ,87.93 ,101.39 ,90.39 
07/09/2013,144.05 ,129.22 ,113.90 ,88.22 ,,128.20 ,86.68 ,98.95 ,92.87 
31/08/2013,146.59 ,132.48 ,114.78 ,91.33 ,,125.16 ,86.43 ,95.25 ,88.10 
24/08/2013,146.78 ,132.56 ,116.48 ,91.02 ,,121.70 ,84.40 ,92.96 ,84.17 
17/08/2013,155.04 ,134.78 ,115.80 ,91.10 ,,123.24 ,84.85 ,92.94 ,84.54 
10/08/2013,150.85 ,139.60 ,118.31 ,90.24 ,,123.69 ,84.59 ,94.01 ,86.24 
03/08/2013,147.60,140.94,121.56,92.41,,117.24,85.20,92.35,87.94
27/07/2013,150.47,142.14,123.97,94.78,,116.45,83.93,91.76,91.87
20/07/2013,153.68,144.93,124.85,93.70,,113.79,85.41,91.64,91.78
13/07/2013,157.33,146.8,126.88,101.53,,109.65,87.99,92.23,92.5
06/07/2013,158.62,148.91,128.06,103.42,,109.09,91.00,95.76,94.23
29/06/2013,155.34,147.02,133.01,100.64,,109.66,91.85,95.99,92.75
22/06/2013,148.54,142.94,137.11,109.64,,109.02,91.59,95.75,93.31
15/06/2013,144.87,141.25,139.41,112.13,,108.96,90.54,95.67,90.33
08/06/2013,147.56,138.72,138.85,113.50,,111.20,91.96,95.82,88.45
01/06/2013,149.53,135.41,137.82,113.96,,113.82,92.19,96.97,89.67
25/05/2013,151.69,141.91,134.02,122.20,,110.63,92.33,95.30,87.42
18/05/2013,155.68,148.31,128.01,N.S.,,107.59,91.30,93.34,84.08
11/05/2013,153.75,145.64,129.73,N.S.,,108.70,93.37,93.02,82.59
04/05/2013,158.93,151.43,130.19,N.S.,,117.51,97.28,99.00,83.61
16/03/2013,N.S.,N.S.,N.S.,N.S.,,124.30,107.93,11.60,94.41
27/04/2013,157.00,156.28,132.53,138.68,,124.09,100.64,103.43,87.24
20/04/2013,156.49,163.52,138.81,N.S.,,126.37,102.82,105.52,89.94
13/04/2013,137.72,157.50,144.44,N.S.,,129.78,105.02,110.35,91.84
06/04/2013,132.08,131.67,143.98,N.S.,,131.81,109.48,113.03,96.11
30/03/2013,N.S.,N.S.,N.S.,N.S.,,N.S.,109.63,117.47,96.79
23/03/2013,134.46,127.98,134.72,N.S.,,134.62,110.75,116.04,99.61
16/03/2013,N.S.,N.S.,N.S.,N.S.,,124.30,107.93,111.60,94.41
09/03/2013,137.56,122.39,124.68,N.S.,,116.86,104.00,107.23,91.28
02/03/2013,140.62,N.S.,N.S.,N.S.,,110.03,99.83,102.18,84.98
23/02/2013,133.19,121.85,121.78,N.S.,,107.89,97.86,99.32,87.03
16/02/2013,128.29,120.77,116.31,N.S.,,105.71,98.37,97.92,91.77
09/02/2013,130.35,119.13,113.36,N.S.,,104.55,98.71,97.61,91.99
02/02/2013,130.71,116.72,114.94,N.S.,,102.89,98.21,97.72,93.47
26/01/2013,139.69,116.64,112.69,N.S.,,101.43,98.16,96.95,94.34
19/01/2013,137.50,121.70,115.51,98.42,,101.62,97.55,96.20,97.48
12/01/2013,142.04,122.05,118.56,97.30,,104.11,99.35,98.31,98.99
05/01/2013,144.54,130.10,121.08,99.40,,103.70,99.80,98.81,101.73
27/12/2014,154.00,126.21,123.58,NS,,NS,NS,NS,NS
20/12/2014,163.07,125.90,120.92,NS,,101.03,68.65,74.65,49.74
13/12/2014,162.89,133.06,120.28,NS,,96.27,65.53,75.23,49.87
06/12/2014,167.18,133.87,120.98,NS,,91.82,63.99,75.18,50.13
29/11/2014,164.65,135.22,122.26,NS,,90.26,62.33,73.40,49.15
22/11/2014,164.80,135.24,128.12,NS,,86.00,61.42,73.09,49.34
15/11/2014,161.67,140.05,128.50,NS,,87.08,60.91,72.73,49.50
08/11/2014,156.50,137.04,123.03,86.90,,88.71,62.74,74.44,48.79
01/11/2014,153.01,136.55,126.00,99.34,,88.88,63.44,74.76,50.72
25/10/2014,151.69,136.59,119.78,NS,,93.57,65.14,,49.29
18/10/2014,151.82,136.25,119.85,NS,,97.69,69.82,80.16,50.23
11/10/2014,150.25,135.50,121.34,NS,,100.06,72.99,79.19,50.87
04/10/2014,NS,NS,NS,NS,,99.47,76.14,83.71,52.21
27/09/2014,149.44,137.67,122.03,106.27,,100.46,76.53,77.70,51.51
20/09/2014,152.43,135.82,124.20,93.14,,98.45,74.67,75.91,48.98
13/09/2014,147.62,142.00,123.96,106.60,,NS,70.44,71.55,48.21
06/09/2014,151.73,140.92,123.22,NS,,96.22,66.79,71.43,49.11
30/08/2014,155.34,145.57,121.54,92.99,,94.47,63.04,68.27,52.42
23/08/2014,157.06,146.97,124.24,102.39,,93.65,62.70,70.40,50.19
16/08/2014,161.16,151.07,127.60,103.25,,95.41,62.45,69.18,50.73
09/08/2014,164.98,152.84,129.43,105.93,,92.55,63.93,69.77,53.22
02/08/2014,169.05,158.57,132.00,120.00,,97.51,66.39,70.51,55.80
26/07/2014,176.66,162.26,134.38,114.73,,98.73,65.60,72.59,57.05
19/07/2014,181.20,165.71,138.56,106.06,,95.80,66.66,73.92,56.97
12/07/2014,189.38,174.07,144.10,114.19,,96.80,74.71,80.55,55.22
05/07/2014,186.10,174.18,148.12,117.47,,94.77,73.04,76.15,57.62
28/06/2014,182.85,177.29,154.99,NS,,94.54,76.27,80.66,57.97
21/06/2014,174.66,176.29,158.51,NS,,92.98,76.38,78.74,59.46
14/06/2014,166.56,171.55,151.22,NS,,92.13,75.26,82.77,58.71
07/06/2014,162.49,163.39,143.90,NS,,94.48,76.43,85.56,60.00
31/05/2014,160.14,163.76,137.38,NS,,99.06,78.29,86.53,61.77
24/05/2014,160.61,160.93,140.85,NS,,103.20,80.89,88.36,61.53
17/05/2014,164.01,158.48,138.36,N.S.,,107.17,79.82,91.43,62.40
10/05/2014,161.06,165.04,140.12,N.S.,,108.17,82.38,92.06,63.31
03/05/2014,167.02,166.38,146.68,N.S.,,111.32,80.67,88.58,60.93
26/04/2014,167.68,159.54,145.82,N.S.,,107.64,77.30,85.30,65.11
19/04/2014,133.67,140.78,150.23,N.S.,,NS,72.27,81.85,66.56
12/04/2014,162.95,164.36,149.73,N.S.,,108.60,72.68,82.75,65.13
05/04/2014,113.96,131.47,148.92,N.S.,,109.34,72.24,82.89,64.64
29/03/2014,102.38,91.43,95.63,N.S.,,109.19,73.59,84.07,67.56
22/03/2014,NS,NS,NS,N.S.,,107.35,76.32,83.51,70.72
15/03/2014,NS,NS,NS,N.S.,,106.92,80.85,85.76,70.64
08/03/2014,109.66,109.59,95.06,N.S.,,107.63,82.25,87.79,75.49
01/03/2014,N.S.,N.S.,N.S.,N.S.,,108.24,82.84,91.12,74.76
22/02/2014,114.99,115.12,95.60,N.S.,,111.42,83.28,91.78,71.98
15/02/2014,116.41,110.56,98.59,N.S.,,111.91,85.79,89.69,73.82
08/02/2014,119.04,105.06,105.34,N.S.,,109.64,84.79,90.46,74.49
01/02/2014,120.33,107.47,106.67,N.S.,,109.07,84.47,92.61,74.80
25/01/2014,125.62,107.82,110.77,N.S.,,106.80,82.79,90.20,79.43
18/01/2014,129.64,107.86,113.71,N.S.,,112.07,82.15,88.96,82.59
11/01/2014,136.13,113.20,118.12,N.S.,,110.29,78.45,84.12,73.58
04/01/2014,145.31,116.88,122.44,N.S.,,100.85,76.76,82.52,69.68
26/12/2015,153.79,135.27,128.56,NS,,NS,83.51,NS,72.87
19/12/2015,157.45,134.46,125.55,NS,,107.85,82.18,86.85,68.76
12/12/2015,155.83,133.57,120.70,NS,,105.87,80.87,83.87,66.11
05/12/2015,154.94,137.00,125.47,NS,,103.73,78.69,81.06,63.39
28/11/2015,157.92,144.91,132.17,NS,,105.30,75.52,80.56,64.3
21/11/2015,152.56,141.95,125.17,NS,,94.81,73.33,79.55,62.93
14/11/2015,154.15,147.66,NS,NS,,93.67,NS,NS,60.51
07/11/2015,155.49,141.27,121.91,NS,,94.38,72.45,79.24,57.25
31/10/2015,153.37,140.56,120.13,NS,,101.26,72.12,81.35,56.19
24/10/2015,NS,NS,NS,NS,,106.71,73.26,77.93,54.32
17/10/2015,157.02,140.92,115.19,NS,,105.60,72.71,81.11,51.72
10/10/2015,162.17,141.25,112.72,NS,,101.07,69.74,75.41,54.91
03/10/2015,153.90,145.37,110.88,NS,,100.70,68.30,75.89,56.15
26/09/2015,158.22,146.82,115.23,NS,,98.50,68.40,72.51,55.13
19/09/2015,164.58,144.42,116.21,NS,,92.89,67.02,72.62,50.24
12/09/2015,164.57,144.06,118.19,86.03,,89.70,65.68,69.66,54.33
05/09/2015,165.47,149.82,120.68,103.44,,91.47,65.05,71.95,54.72
29/08/2015,168.49,152.24,119.17,90.28,,NS,64.38,71.58,52.17
22/08/2015,170.35,152.27,120.75,100.84,,91.13,64.39,71.34,54.57
15/08/2015,166.07,151.38,123.26,100.64,,90.11,64.18,70.27,58.3
08/08/2015,163.72,151.02,127.01,NS,,86.66,64.57,70.21,56.71
01/08/2015,169.45,152.64,126.78,NS,,86.06,64.68,71.21,55.26
25/07/2015,169.12,156.88,128.52,NS,,85.56,65.28,69.54,58.19
18/07/2015,169.33,150.99,126.49,NS,,87.72,65.03,73.46,58.21
11/07/2015,163.85,155.18,124.03,NS,,87.62,67.88,72.88,59.77
04/07/2015,155.47,153.59,126.32,NS,,87.90,68.27,72.40,60.85
27/06/2015,163.57,153.20,127.75,NS,,86.42,67.80,72.92,58.85
20/06/2015,161.95,151.84,130.38,NS,,86.80,65.29,71.98,56.72
13/06/2015,153.25,150.97,130.51,NS,,87.56,63.10,69.07,52.76
06/06/2015,153.48,149.26,133.00,NS,,88.88,62.74,70.48,52.14
30/05/2015,157.29,143.73,135.62,NS,,91.02,61.78,69.99,55.11
23/05/2015,145.07,145.40,136.30,NS,,91.01,64.89,70.93,55.83
16/05/2015,153.55,143.06,129.71,NS,,90.86,68.19,73.59,56.37
09/05/2015,148.11,148.38,130.77,NS,,92.88,71.37,78.31,57.96
02/05/2015,154.19,147.73,133.22,NS,,94.76,73.41,77.54,55.19
25/04/2015,164.50,120.68,139.30,NS,,97.71,75.44,78.49,55.87
18/04/2015,110.39,156.83,140.50,NS,,100.84,77.26,77.49,59.21
11/04/2015,108.09,138.15,137.20,NS,,100.11,76.49,79.21,60.17
04/04/2015,NS,91.70,122.70,NS,,NS,77.58,80.03,61.85
28/03/2015,84.97,NS,125.35,NS,,97.94,78.30,80.36,59.12
21/03/2015,NS,NS,78.45 ,NS,,94.63,78.68,79.40,65.3
14/03/2015,91.99 ,104.98 ,77.08 ,NS,,95.85 ,77.67 ,79.32 ,66.16
07/03/2015,86.73,100.93,NS,NS,,95.77,79.32,80.54,65.12
28/02/2015,96.04,104.08,82.23,NS,,98.60,78.55,80.90,63.62
21/02/2015,110.66,102.71,88.67,NS,,99.69,78.97,80.03,63.18
14/02/2015,121.37,101.16,97.64,NS,,99.95,78.95,80.87,60.67
07/02/2015,123.81,100.35,102.42,NS,,96.13,80.16,81.69,58.71
31/01/2015,131.11,105.44,111.55,NS,,96.43,78.93,81.06,56.67
24/01/2015,135.29,108.54,119.21,NS,,94.95,78.38,80.16,56.12
17/01/2015,143.80,122.39,123.11,NS,,97.20,77.25,78.72,52.94
10/01/2015,144.55,113.50,122.51,NS,,96.74,72.14,78.43,51.03
03/01/2015,147.87,119.08,121.55,NS,,99.48,71.27,76.15,50.09
31/12/2016,NS,127.81,126.14,NS,,NS,NS,NS,99.14
24/12/2016,144.88,131.35,128.90,NS,,111.99,106.73,107.22,95.43
17/12/2016,148.67,130.57,128.84,NS,,110.55,104.97,103.90,94.62
10/12/2016,148.35,133.78,125.89,NS,,108.17,103.81,103.24,94.43
03/12/2016,152.06,133.44,126.55,NS,,109.31,101.88,101.75,95.72
26/11/2016,154.83,138.11,128.47,NS,,110.00,100.18,101.16,94.59
19/11/2016,154.58,137.02,124.00,NS,,111.10,98.54,101.58,91.26
12/11/2016,152.38,138.84,130.27,NS,,114.73,98.66,101.07,90.99
05/11/2016,150.34,137.18,132.45,NS,,112.43,98.47,100.27,91.34
29/10/2016,147.48,137.98,129.59,NS,,112.54,NS,NS,89.57
22/10/2016,148.41,140.46,NS,NS,,112.52,97.23,99.43,86.53
15/10/2016,NS,NS,NS,NS,,111.45,95.58,102.40,88.4
08/10/2016,144.54,139.15,127.22,NS,,110.64,97.46,100.82,88.07
01/10/2016,147.47,138.78,130.52,NS,,111.49,98.24,100.80,88.52
24/09/2016,149.87,139.27,129.71,NS,,111.12,98.79,100.02,88.03
17/09/2016,150.20,137.97,129.82,NS,,NS,99.41,99.91,84.79
10/09/2016,149.90,140.12,131.55,NS,,111.51,98.21,99.73,82.26
03/09/2016,151.35,141.28,130.08,NS,,114.62,95.97,97.25,78.87
27/08/2016,150.00,142.04,127.29,NS,,114.70,92.73,96.43,77.37
20/08/2016,155.05,141.17,125.14,NS,,111.39,90.82,93.72,78.43
13/08/2016,158.31,143.12,128.79,NS,,111.68,87.89,91.48,77.76
06/08/2016,159.40,144.15,132.32,NS,,114.47,85.97,90.28,78.33
30/07/2016,159.43,146.07,135.79,NS,,115.98,85.42,91.17,79.49
23/07/2016,162.54,149.85,138.38,NS,,114.23,87.62,92.73,81.56
16/07/2016,171.50,154.04,142.89,NS,,113.15,91.00,94.33,82.86
09/07/2016,163.96,155.34,140.11,NS,,111.72,94.84,97.13,84.41
02/07/2016,168.49,154.87,111.33,NS,,114.66,96.19,98.93,84.6
25/06/2016,163.93,152.88,118.13,NS,,113.94,96.94,100.17,88.47
18/06/2016,163.88,152.99,145.44,NS,,123.70,98.16,100.54,89.39
11/06/2016,154.04,150.08,142.79,NS,,114.28,98.48,102.17,91.04
04/06/2016,144.51,146.46,144.44,NS,,111.23,97.36,100.94,87.85
28/05/2016,144.66,133.69,141.03,NS,,114.01,96.49,100.13,85.41
21/05/2016,145.09,129.30,142.38,NS,,113.75,95.24,100.15,84.88
14/05/2016,150.15,136.08,136.63,NS,,115.30,96.35,102.37,87.18
07/05/2016,146.67,133.41,131.53,NS,,112.35,96.23,103.15,90.01
30/04/2016,149.14,139.84,130.81,NS,,109.97,95.62,100.94,87.11
23/04/2016,160.41,146.24,135.71,NS,,110.46,92.97,99.68,87.98
16/04/2016,164.44,154.38,146.80,NS,,112.86,93.59,99.98,85.48
09/04/2016,143.69,170.53,160.00,NS,,115.66,93.73,100.55,83.17
02/04/2016,NS,119.11,140.78,NS,,116.00,91.59,98.00,83.15
26/03/2016,NS,NS,NS,NS,,NS,90.74,96.56,79.96
19/03/2016,111.62,NS,NS,NS,,111.15,91.66,95.91,80.96
12/03/2016,NS,105.35,NS,NS,,107.11,94.19,94.58,78.88
05/03/2016,NS,NS,102.43,NS,,109.51,100.18,97.86,79.83
27/02/2016,109.77,108.52,NS,NS,,114.44,106.62,103.37,82.49
20/02/2016,119.41,108.19,104.43,NS,,120.07,109.94,105.22,81.3
13/02/2016,122.26,113.29,101.94,NS,,121.57,110.64,105.64,84.45
06/02/2016,117.94,113.04,105.48,NS,,123.56,104.49,103.93,83.86
30/01/2016,122.06,115.69,110.25,NS,,121.41,102.74,101.11,80.16
23/01/2016,131.62,115.34,116.50,NS,,119.64,96.80,97.91,78.17
16/01/2016,139.57,128.57,119.06,NS,,118.93,94.44,94.73,79.5
09/01/2016,145.47,129.16,124.25,NS,,113.81,89.47,91.40,74.67
02/01/2016,147.26,125.94,124.80,NS,,108.58,NS,88.49,74.7
30/12/2017,149.17,136.80,131.79,NS,,NS,NS,NS,65.60
23/12/2017,147.62,139.79,131.39,NS,,110.07,83.75,92.51,63.94
16/12/2017,155.58,140.58,129.78,NS,,108.91,81.42,90.50,64.13
09/12/2017,157.88,140.01,128.02,NS,,109.23,77.74,90.12,63.66
02/12/2017,157.66,142.47,131.47,NS,,110.34,74.75,89.87,65.14
25/11/2017,159.51,143.61,133.54,NS,,110.67,75.13,91.90,65.46
18/11/2017,157.92,142.04,133.26,NS,,109.51,76.38,89.79,67.92
11/11/2017,159.63,144.18,131.19,NS,,109.41,77.57,93.38,66.73
04/11/2017,158.91,147.84,128.42,NS,,109.30,78.67,91.70,67.00
28/10/2017,159.21,152.04,129.02,NS,,107.81,80.62,89.88,66.86
21/10/2017,159.12,148.86,132.99,NS,,110.17,NS,NS,NS
14/10/2017,160.37,153.66,128.37,NS,,109.69,81.14,89.01,62.51
07/10/2017,165.01,151.24,127.20,NS,,106.27,79.82,90.73,61.87
30/09/2017,NS,NS,NS,NS,,106.87,78.85,84.35,60.06
23/09/2017,162.78,153.70,127.38,NS,,109.36,76.57,82.93,56.74
16/09/2017,153.92,149.57,126.73,NS,,105.59,70.75,80.81,55.60
09/09/2017,160.59,147.99,124.18,NS,,NS,67.57,78.13,58.58
02/09/2017,156.33,149.81,124.67,NS,,108.03,64.22,82.15,60.51
26/08/2017,163.05,153.43,124.43,NS,,109.92,64.23,81.25,62.94
19/08/2017,165.98,153.11,126.26,NS,,107.82,65.60,81.48,58.90
12/08/2017,164.03,156.38,124.33,NS,,108.51,69.57,84.31,61.27
05/08/2017,154.56,156.28,127.64,NS,,106.82,73.75,83.33,62.51
29/07/2017,162.98,153.23,126.41,NS,,106.11,74.01,80.45,62.86
22/07/2017,165.87,151.19,129.39,NS,,104.76,71.86,82.61,62.50
15/07/2017,160.57,151.21,132.76,NS,,106.61,69.83,86.87,63.19
08/07/2017,170.56,152.63,132.59,NS,,104.92,76.37,92.89,67.80
01/07/2017,165.76,150.69,135.59,NS,,103.98,72.06,88.40,74.31
24/06/2017,161.95,157.62,141.00,NS,,107.40,76.62,87.92,80.61
17/06/2017,159.84,157.29,144.49,NS,,110.07,76.35,87.62,77.91
10/06/2017,149.52,150.17,138.24,NS,,110.95,77.07,88.22,80.13
03/06/2017,139.43,140.04,132.88,NS,,107.80,78.68,89.79,82.29
27/05/2017,140.33,131.32,135.55,NS,,112.16,83.01,93.16,83.67
20/05/2017,147.06,131.78,143.32,NS,,115.90,86.31,93.59,88.57
13/05/2017,149.13,139.20,140.96,NS,,114.49,86.95,93.87,89.49
06/05/2017,148.71,142.07,138.16,NS,,116.42,86.40,99.22,95.32
29/04/2017,148.44,148.50,139.73,NS,,125.20,91.33,101.33,96.36
22/04/2017,151.77,158.44,137.23,NS,,134.19,99.16,106.50,96.31
15/04/2017,120.65,161.34,143.20,NS,,NS,104.23,110.49,96.76
08/04/2017,112.70,130.71,144.27,NS,,137.24,105.81,110.90,98.26
01/04/2017,NS,106.49,120.34,NS,,136.60,106.38,110.10,95.66
25/03/2017,105.09,NS,97.73,NS,,133.78,105.74,110.62,95.90
18/03/2017,106.99,109.54,NS,NS,,133.43,107.45,113.49,94.04
11/03/2017,108.97,104.74,NS,NS,,135.13,109.18,115.13,95.04
04/03/2017,108.12,106.32,101.86,NS,,135.01,109.65,114.44,97.22
25/02/2017,110.41,110.20,NS,NS,,132.00,108.60,113.04,97.89
18/02/2017,116.79,106.49,106.19,NS,,133.16,106.59,112.55,97.70
11/02/2017,123.73,105.59,105.33,NS ,,128.90,105.85,113.49,98.19
04/02/2017,129.21,106.14,105.52,NS,,124.04,105.11,110.27,98.56
28/01/2017,131.53,111.18,109.11,NS ,,121.13,105.43,109.01,99.08
21/01/2017,138.95,118.20,113.58,NS,,119.11,106.54,108.30,100.75
14/01/2017,137.42,119.67,119.96,NS,,115.75,108.48,107.22,101.62
07/01/2017,142.07,123.86,123.50,NS,,112.85,108.25,106.49,99.02
29/12/2018,151.87,133.51,142.60,NS,,NS,NS,NS,88.46
22/12/2018,154.33,137.02,144.23,NS,,122.90,96.61,105.66,89.04
15/12/2018,155.64,140.67,148.93,NS ,,123.21,97.73,111.75,89.23
08/12/2018,159.12,143.55,146.49,NS,,124.83,101.74,112.35,92.22
01/12/2018,160.37,147.55,151.40,NS,,125.1,102.90,114.91,94.29
24/11/2018,158.48,147.28,146.67,NS,,124.40,101.89,112.07,93.74
17/11/2018,159.47,147.43,146.60,NS,,121.96,99.99,109.37,90.15
10/11/2018,163.10,151.88,138.11,NS,,120.89,NS,NS ,85.73
27/10/2018,160.44,149.95,141.61,NS,,121.27,92.85,108.00,79.19
13/10/2018,164.21,148.63,136.28,NS,,123.20,93.38,108.65,80.18
20/10/2018,NS,NS,NS,NS,,123.02,92.28,107.42,78.98
06/10/2018,160.79,148.20,135.01,NS,,125.51,93.90,113.47,80.65
29/09/2018,160.65,147.19,131.94,NS,,132.56,94.70,110.80,86.11
22/09/2018,162.13,148.76,134.49,NS,,137.18,95.03,112.81,84.91
15/09/2018,162.45,150.93,138.42,NS,,132.27,95.03,111.79,83.32
08/09/2018,161.30,154.19,140.40,NS,,134.41,94.27,110.11,82.68
01/09/2018,161.86,156.83,138.80,NS,,134.02,93.96,108.09,81.55
25/08/2018,162.97,156.72,137.74,NS ,,NS,91.49,101.24,75.53
18/08/2018,169.98,157.95,138.87,NS,,121.85,86.39,98.66,68.79
11/08/2018,172.28,160.61,139.98,NS,,123.16,85.83,97.35,68.56
04/04/2018,175.72,162.69,142.63,NS,,119.11,83.83,94.03,65.59
28/07/2018,174.90,164.44,145.01,NS,,118.52,81.98,91.69,65.57
21/07/2018,175.30,163.96,146.36,NS,,111.32,80.61,94.53,62.5
14/07/2018,174.36,163.85,144.87,NS,,111.44,80.01,92.73,64.41
07/07/2018,180.65,161.32,146.68,NS,,111.47,77.25,89.03,66.2
30/06/2018,180.81,165.07,150.39,NS,,110.90,76.59,91.32,62.86
23/06/2018,173.12,168.36,149.15,NS,,112.48,76.34,89.23,63.72
16/06/2018,165.87,160.82,143.50,NS,,112.82,77.19,90.35,65.34
09/06/2018,156.67,153.37,145.44,NS,,112.83,76.98,91.57,67.13
02/06/2018,150.81,151.35,151.40,NS,,111.12,77.14,91.66,68.0
26/05/2018,155.28,142.67,149.11,NS,,111.20,77.33,92.87,66.49
19/05/2018,159.89,146.36,142.88,NS,,113.00,78.46,90.39,66.68
12/05/2018,165.65,146.06,134.17,NS ,,115.81,81.65,94.33,70.66
05/05/2018,156.77,154.72,134.86,NS,,120.40,84.96,100.92,71.96
28/04/2018,150.52,160.65,144.21,NS,,119.28,90.07,103.59,69.64
21/04/2018,147.19,153.65,152.49,NS,,121.34,93.89,105.62,69.02
14/04/2018,114.92,154.56,159.42,NS,,121.72,94.13,106.13,68.12
07/04/2018,119.74,125.75,165.07,NS,,122.63,94.16,107.07,67.93
31/03/2018,NS,93.38,94.07,NS,,NS,95.56,107.44,70.35
24/03/2018,99.48,NS,NS,NS,,124.72,94.58,106.06,65.23
17/03/2018,NS,NS,NS,NS,,123.18,92.96,107.53,69.99
10/03/2018,NS,99.30,92.72,NS,,121.39,93.96,103.78,71.05
03/03/2018,112.20,99.12,NS,NS,,120.70,93.38,104.51,74.35
24/02/2018,111.99,99.85,96.49,NS,,120.64,95.44,106.22,73.31
17/02/2018,116.67,103.25,102.43,NS,,121.13,96.15,106.24,72.66
10/02/2018,119.08,104.53,103.48,NS,,123.73,94.85,101.46,73.91
03/02/2018,123.78,108.40,110.24,NS,,122.49,92.66,100.66,71.89
27/01/2018,130.46,112.03,112.52,NS ,,120.13,89.84,96.51,69.54
20/01/2018,131.26,120.58,123.34,NS,,117.92,87.08,97.97,69.97
14/01/2018,134.16,126.34,125.05,NS,,115.96,87.59,95.50,67.84
07/01/2018,143.37,132.49,129.67,NS,,109.90,88.10,92.71,67.23
28/12/2019,152.94,134.25,135.65,NS,,116.47 ,NS,NS,67.76
21/12/2019,154.19,138.83,135.58,NS,,115.18,81.27,93.83,65.03
14/12/2019,153.19,NS,136.34,NS,,115.97,79.13,91.63,66.11
07/12/2019,155.34,140.59,139.57,NS,,116.20,77.75,92.62,65.66
30/11/2019,159.51,137.90,136.83,NS,,115.82,77.62,94.83,67.62
23/11/2019,159.41,141.72,137.61,NS,,115.36,78.78,94.82,69.05
16/11/2019,154.48,144.50,135.90,NS,,114.03,78.12,92.56,68.85
09/11/2019,155.60,146.59,132.30,NS,,112.49,77.08,95.10,68.44
02/11/2019,162.45,142.76,134.12,NS,,113.03,76.90,NS,69.18
26/10/2019,162.89,149.05,136.59,NS,,114.58,79.05,95.64,73.5
19/10/2019,159.11,149.48,132.70,NS,,115.55,83.57,94.99,72.4
12/10/2019,NS,NS,135.89,NS,,115.88,84.73,94.72,73.55
05/10/2019,166.87,153.15,NS,NS,,115.23,85.96,94.46,73.13
28/09/2019,162.83,149.28,129.09,NS,,115.41,86.58,94.44,72.72
21/09/2019,164.01,149.32,132.39,NS,,111.72,85.06,94.32,71.73
14/09/2019,168.08,149.50,132.25,NS,,NS,84.51,89.83,69.73
07/09/2019,177.56,155.87,132.99,NS,,108.07,82.67,92.92,68.8
31/08/2019,169.47,155.37,132.28,NS,,109.31,82.25,89.89,68.2
24/08/2019,174.81,156.13,130.65,NS,,107.00,81.91,91.21,68.3
17/08/2019,176.72,156.66,134.33,NS,,104.99,80.38,90.93,68.7
10/08/2019,183.59,161.64,138.75,NS,,108.51,79.64,90.88,71.8
03/08/2019,182.14,160.83,142.20,NS,,109.37,78.98,91.68,73.56
27/07/2019,178.43,163.94,142.23,NS,,109.34,79.44,87.28,71.0
20/07/2019,179.47,161.31,143.68,NS,,107.52,77.77,89.80,69.4
13/07/2019,173.56,157.55,143.44,NS,,109.07,77.77,90.18,69.48
06/07/2019,176.81,158.04,144.57,NS,,111.24,83.75,97.87,73.59
29/06/2019,173.17,156.14,144.36,NS,,112.70,86.15,96.84,79.63
22/06/2019,171.35,161.93,150.56,NS,,113.88,90.68,98.88,81.34
15/06/2019,159.03,154.08,149.43,NS,,116.45,91.82,102.30,83.07
08/06/2019,151.61,146.91,147.83,NS,,120.12,92.16,105.16,84.63
01/06/2019,144.51,138.45,149.70,NS,,122.82,93.01,109.69,86.6
25/05/2019,149.69,134.29,147.25,NS,,122.78,94.61,109.20,87.72
18/05/2019,147.74,134.50,148.81,NS,,122.98,96.47,111.36,90.96
11/05/2019,152.57,134.76,149.81,NS,,122.98,98.29,109.36,89.81
04/05/2019,158.52,142.65,147.10,NS,,124.46,98.09,110.43,90.3
27/04/2019,151.90,151.25,148.19,NS,,124.04,99.65,108.28,90.27
20/04/2019,150.44,165.80,154.94,NS,,NS,98.65,111.22,88.79
13/04/2019,147.38,169.83,159.46,NS,,123.55,98.74,109.40,90.7
06/04/2019,118.77,175.02,152.77,NS,,122.24,98.92,108.50,91.85
30/03/2019,NS,144.43,127.52,NS,,121.75,99.22,110.03,91.44
23/03/2019,108.90,113.00,NS,NS,,122.49,99.84,106.82,92.51
16/03/2019,107.51,NS,NS,NS,,122.11,101.21,107.53,93.44
09/03/2019,115.79,NS,107.78,NS,,121.82,100.44,106.52,92.33
02/03/2019,111.86,121.46,105.05,NS ,,122.43,98.76,103.81,89.25
23/02/2019,113.40,NS,108.42,NS,,122.45,97.76,103.51,87.07
16/02/2019,118.48,124.45,111.39,NS,,123.90,97.45,103.24,90.39
09/02/2019,124.27,120.36,115.83,NS,,124.53,97.97,103.63,88.44
02/02/2019,127.98,122.22,119.45,NS,,126.57,98.62,107.72,87.54
26/01/2019,135.92,124.06,127.08,NS,,125.19,100.17,107.61,89.31
19/01/2019,141.68,123.32,131.35,NS ,,123.74,99.4,106.89,89.11
12/01/2019,144.28,127.58,135.46,NS,,122.61,98.95,106.96,89.51
05/01/2019,147.85,130.75,130.75,NS,,122.42,97.37,105.96,89.64
26/12/2020,183.61,160.80,164.48,NS,128.0,171.84,112.94,130.42,99.16
19/12/2020,176.24,157.43,160.59,NS,Not Availabl,170.61,110.74,129.53,99.10
12/12/2020,176.11,165.85,157.84,NS,140.0,173.74,107.07,137.50,98.32
05/12/2020,181.13,163.78,158.00,NS,111.0,185.58,108.56,136.99,133.38
28/11/2020,186.52,168.80,156.82,NS,162.3,197.97,128.93,160.31,128.13
21/11/2020,190.86,176.33,162.12,NS,161.8,196.09,141.61,159.01,136.26
14/11/2020,216.65,186.39,174.94,NS,180.1,195.57,NS,NS,137.67
07/11/2020,223.97,191.65,194.98,NS,N,194.12,149.31,159.44,136.57
31/10/2020,NS,205.06,NS,NS,205.6,187.12,151.39,159.93,133.75
24/10/2020,241.28,214.48,208.57,NS,205.7,182.89,150.07,156.02,132.77
17/10/2020,248.03,226.98,211.91,NS,220.5,180.36,145.33,156.14,121.42
10/10/2020,258.59,239.38,224.61,NS,247.1,173.10,146.37,154.90,133.94
03/10/2020,269.09,257.40,239.57,NS,254.8,175.67,156.33,166.29,144.25
26/09/2020,274.35,264.71,247.18,NS,251.8,188.46,170.74,180.74,165.36
19/09/2020,283.32,274.79,251.40,NS,229.8,197.36,185.50,192.72,181.35
12/09/2020,NS,281.29,253.80,NS,263.7,195.02,193.04,192.82,179.85
05/09/2020,297.00,289.69,255.01,NS,275.1,NS,194.12,190.87,174.35
29/08/2020,302.91,297.81,248.69,NS,272.6,177.99,187.93,178.95,160.63
22/08/2020,312.13,296.08,245.22,NS,235.6,166.95,173.65,166.76,151.82
15/08/2020,314.22,297.90,246.81,NS,258.7,156.35,168.49,158.91,143.75
08/08/2020,313.58,288.71,251.87,NS,256.5,142.65,150.86,149.62,139.04
01/08/2020,299.17,279.22,246.18,NS,235.8,133.30,147.90,144.15,129.19
25/07/2020,290.01,NS,241.01,NS,244.9,131.42,141.50,141.44,122.95
18/07/2020,286.15,281.23,236.66,NS,296.4,126.45,137.68,136.45,111.41
11/07/2020,271.25,NS,231.40,NS,249.2,118.59,128.41,128.30 ,105.30
04/07/2020,266.99,272.12,228.76,NS,0.0,110.21,116.15,116.02,97.17
27/06/2020,247.44,263.58,226.20,NS,247.1,106.70,112.88,112.48,88.65
20/06/2020,247.44,252.15,219.99,NS,255.7,103.02,110.21,108.21,87.90
13/06/2020,222.93,229.90,207.24,NS,239.9,103.51,106.63,103.13,80.08
06/06/2020,205.82,214.39,202.48,NS,210.0,102.29,98.24,104.62,78.37
30/05/2020,NS,196.56,180.23,NS,,106.33,94.66,104.37,75.30
23/05/2020,NS,195.51,195.66,NS,,110.52,92.89,105.02,74.57
16/05/2020,135.67,216.54,188.64,NS,,113.08,93.21,105.23,74.60
09/05/2020,NS,150.05,209.05,NS,,118.85,93.93,NS,77.05
02/05/2020,NS,217.12,204.25,NS,,90.05,96.35,NS,77.27
25/04/2020,NS,111.35,129.50,NS,,120.28,91.05,106.05,79.29
18/04/2020,NS,NS,NS,NS,,130.27,NS,NS,NS
11/04/2020,NS,NS,NS,NS,,119.84,NS,NS,NS
04/04/2020,NS ,NS ,NS ,NS,,NS ,NS ,NS ,NS 
21/03/2020,89.92,82.23,NS,NS,,110.83,81.18,89.90,58.29 
14/03/2020,90.82,NS,NS,NS,,112.25,79.20,95.38,59.99
07/03/2020,94.68,85.97,91.25,NS,,113.98,78.53,91.52,63.03
29/02/2020,94.13,88.87,NS,NS,,113.94,79.57,92.18,61.16
22/02/2020,100.24,85.68,96.62,NS,,113.93,79.29,93.15,67.18
15/02/2020,105.88,91.52,97.72,NS,,114.74,80.40,92.56,66.60
08/02/2020,115.80,99.30,100.12,NS,,115.20,80.16,91.62,66.14
01/02/2020,125.28,106.26,105.55,NS,,116.97,81.09,92.56,66.47
25/01/2020,128.59,112.08,114.95,NS,,115.14,81.64,95.14,66.25
18/01/2020,131.78,118.75,120.51,NS,,114.90,82.77,94.24,64.64
11/01/2020,140.19,128.10,125.32,NS,,115.41,83.28,93.86,74.98
04/01/2020,143.66,131.95,133.67,NS,,NS,83.03,95.16,NS
25/12/2021,195.20,167.91,172.21,NS,158.49,137.55,94.21,111.38,86.98
18/12/2021,192.17,175.77,178.90,NS,160.55,131.83,94.01,107.15,86.83
11/12/2021,201.17,178.89,179.26,NS,143.40,125.48,97.54,106.23,86.95
04/12/2021,209.80,181.62,169.49,NS,136.55,125.33,97.42,99.00,83.77
27/11/2021,224.98,185.18,170.54,NS,148.79,125.57,96.12,100.66,81.61
20/11/2021,223.46,185.48,180.46,NS,131.28,126.65,92.14,98.24,78.55
13/11/2021,205.26,187.18,186.85,NS,138.88,123.52,89.50,92.99,76.70
06/11/2021,209.17,186.43,190.14,NS,145.62,122.42,88.07,NS,74.23
30/10/2021,203.09,177.17,176.53,NS,140.03,126.17,85.58,91.10,71.75
23/10/2021,211.73,176.98,175.62,NS,NS,123.62,83.05,91.68,76.66
16/10/2021,NS,NS,NS,NS,149.51,118.36,84.86,89.75,76.53
09/10/2021,208.58,172.81,153.22,NS,147.83,117.03,86.30,89.91,78.22
02/10/2021,210.54,180.46,161.56,NS,116.82,118.64,89.50,95.31,81.69
25/09/2021,210.30,177.76,161.88 ,NS,142.91,120.20,91.16,95.96,79.51
18/09/2021,203.95,181.04,164.62,NS,152.84,119.33,92.86,95.85,78.95
11/09/2021,204.70,174.56,168.68,NS,147.89,117.78,92.78,97.42,78.80
04/09/2021,211.73,172.35,169.57,NS,143.74,123.61,94.04,98.15,75.35
28/08/2021,210.48,170.71,173.78,NS,135.57,123.83,92.24,101.57,74.54
21/08/2021,220.83,173.40,169.84,NS,148.44,NS,90.79,101.68,79.21
14/08/2021,211.27,173.36,169.29,NS,148.41,119.64,89.50,101.24,76.95
07/08/2021,210.38,175.63,178.66,NS,145.00,120.20,88.97,100.70,79.64
31/07/2021,213.93,180.68,177.25,NS,193.62,118.01,91.52,101.26,80.47
24/07/2021,214.17,183.67,185.05,NS,152.80,117.95,90.64,102.37,80.84
17/07/2021,224.12,195.69,181.51,NS,174.92 296.47,116.02,90.87,101.84,81.74
10/07/2021,229.40 ,207.14 ,181.19 ,NS,178.29,116.99,92.44,109.01,78.88
03/07/2021,247.99,225.96,192.22,NS,206.35,122.37,94.20,110.08,87.11
26/06/2021,238.82,230.82,203.53,NS,239.89,124.42,94.34,110.82,NS
19/06/2021,236.20,234.00,214.41,NS,200.31,123.66,97.51,110.80,108.31
12/06/2021,223.94,233.97,221.68,NS,216.31,128.56,110.49,115.71,103.24
05/06/2021,226.43,226.96,217.32,NS,205.50,134.59,116.00,124.14,104.91
29/05/2021,NS,223.07,211.23,NS,203.3,141.32,NS,NS,102.81
22/05/2021,221.95,217.89,207.44,NS,187.5,155.42,122.22,132.95,107.32
15/05/2021,214.24,211.57,203.21,NS,187.9,142.60,125.54,125.25,112.59
08/05/2021,219.79,204.12,198.30,NS,179.1,133.19,120.89,121.89,109.20
05/05/2021,129.79,204.12,198.30,NS,179.1,133.19,120.89,121.89,109.20
01/05/2021,206.04,197.68,198.32,NS,167.8,130.23,116.29,119.15,103.19
24/04/2021,212.06,199.02,209.78,NS,185.5,133.80,113.09,122.64,106.26
17/04/2021,215.88,NS,211.39,NS,184.1,144.05,113.10,121.46,106.17
10/04/2021,195.14,231.06,213.18,NS,211.3,152.67,116.23,124.93,104.82
03/04/2021,NS,157.20,NS,NS,N,NS,118.40,130.37,113.84
27/03/2021,145.91,NS,169.16,NS,N,162.14,122.10,131.58,114.29
20/03/2021,NS,NS,NS,NS,N,163.36,122.16,130.02,112.89
13/03/2021,145.50,149.59,NS,NS,N,163.75,121.41,132.13,113.60
06/03/2021,147.73,NS,NS,NS,N,164.24,120.39,131.97,117.88
27/02/2021,156.36,158.10,NS,NS,N,165.38,123.94,139.69,117.14
20/02/2021,167.61,145.83,150.80,NS,147.0,164.23,129.99,138.64,118.02
13/02/2021,174.30,147.65,151.70,NS,147.2,167.30,131.72,140.33,118.78
06/02/2021,171.46,156.74,148.68,NS,154.9,164.51,132.86,141.61,113.49
30/01/2021,184.65,160.29,152.18,NS,136.2,167.83,132.06,142.04,122.69
23/01/2021,181.99,164.85,160.07,NS,125.1,168.86,132.29,139.11,126.47
16/01/2021,183.20,168.27,163.66,NS,138.5,166.89,135.42,139.27,124.95
09/01/2021,183.43,167.99,167.60,NS,129.8,171.59,134.05,137.28,117.34
02/01/2021,187.04,164.08,168.57,NS,130.4,NS,NS,NS,108.74
31/12/2022,180.61,155.85,154.78,NS,123.40,NS,112.13,NS,104.56
24/12/2022,184.51,160.73,158.95,NS,148.94,139.19,111.37,119.02,103.79
17/12/2022,183.74,162.55,166.57,NS,131.39,133.14,109.70,115.58,99.52
10/12/2022,192.30,172.12,172.28,NS,153.94,132.28,107.47,111.85,97.11
03/12/2022,196.36,175.94,169.76,NS,141.25,134.92,109.60,114.82,99.33
26/11/2022,204.60,181.44,167.87,NS,160.96,135.27,112.21,118.85,102.97
19/11/2022,206.67,184.06,170.99,NS,NS,138.05,114.55,120.42,108.87
12/11/2022,214.24,188.18,172.92,NS,147.10,138.94,114.44,123.02,106.58
05/11/2022,209.49,194.02,179.15,NS,NS,136.82,111.77,117.48,101.22
29/10/2022,225.98,195.48,184.07,NS,158.58,135.07,106.58,NS,93.75
22/10/2022,218.39,203.47,185.36,NS,120.93,130.04,102.40,110.92,85.98
15/10/2022,216.64,201.39,181.29,NS,157.05,131.03,98.31,112.55,85.60
08/10/2022,NS,NS,NS,NS,NS,131.33,96.97,111.87,86.26
01/10/2022,212.43,193.12,175.35,NS,176.93,135.56,100.09,111.08,90.21
24/09/2022,215.71,195.06,169.95,NS,156.40,138.81,98.97,113.02,91.55
17/09/2022,227.83,202.41,173.07,NS,183.01,139.92,97.15,114.42,94.25
10/09/2022,235.43,212.39,182.92,NS,163.41,NS,97.70,107.18,91.85
03/09/2022,245.11,216.24,185.75,NS,167.52,145.59,96.08,106.52,88.21
27/08/2022,245.61,212.01,182.06,NS,173.79,142.78,94.80,104.87,82.00
20/08/2022,244.30,210.90,181.52,NS,162.97,145.41,90.16,100.52,80.83
13/08/2022,245.05,211.61,187.41,NS,169.27,139.06,86.95,99.01,80.33
06/08/2022,250.88,209.95,188.79,NS,169.72,132.98,85.65,100.12,79.13
30/07/2022,250.86,215.11,188.67,NS,160.11,131.94,86.41,96.85,73.69
23/07/2022,240.99,207.12,181.92,NS,192.42,129.86,82.71,95.79,69.24
16/07/2022,236.69,205.16,180.06,NS,176.21,130.36,76.57,94.08,70.89
09/07/2022,248.26,208.70,187.17,NS,181.33,129.98,75.78,92.45,68.81
02/07/2022,257.45,213.37,198.41,NS,163.33,124.40,75.58,93.28,68.49
25/06/2022,258.02,216.62,203.85,NS,251.88,124.67,89.01,92.81,72.34
18/06/2022,250.37,224.31,207.27,NS,185.66,119.26,76.32,96.38,74.12
11/06/2022,212.26,208.38,202.03,NS,191.91,117.60,80.33,94.81,74.56
04/06/2022,189.99,189.27,191.63,NS,230.65,120.37,84.15,96.02,74.54
28/05/2022,187.06,180.88,180.78,NS,152.05,122.14,85.06,95.75,74.77
21/05/2022,197.95,180.30,174.14,NS,153.00,126.87,85.66,101.44,78.46
14/05/2022,197.65,185.60,175.92,NS,172.29,128.29,87.31,99.62,81.16
07/05/2022,214.26,194.29,184.57,NS,159.74,133.23,89.01,101.81,79.72
30/04/2022,238.82,215.41,203.41,NS,198.70,133.41,90.25,102.49,80.26
23/04/2022,241.59,256.67,229.12,NS,186.66,135.64,91.05,103.31,79.29
16/04/2022,236.80,272.04,227.47,NS,199.62,NS,91.42,97.99,80.37
09/04/2022,225.79,242.09,265.10,NS,NS,131.71,90.92,99.95,79.25
02/04/2022,NS,130.15,178.71,NS,NS,136.26,89.86,97.17,80.78
26/03/2022,144.31,NS,NS,NS,NS,133.54,90.21,98.10,79.86
19/03/2022,NS,NS,NS,NS,NS,134.07,88.97,99.61,81.34
12/03/2022,NS,NS,NS,NS,100.59,136.57,92.29,102.56,84.89
05/03/2022,NS,132.14,NS,NS,NS,136.39,97.09,105.15,87.26
26/02/2022,142.20,NS,121.50,NS,109.58,136.90,100.73,107.57,88.82
19/02/2022,NS,135.50,NS,NS,NS,140.42,102.50,110.92,89.25
12/02/2022,148.65,141.80,NS,NS,NS,140.41,104.05,112.29,90.71
05/02/2022,161.20,148.10,129.89,NS,120.42,140.12,102.76,114.67,91.26
29/01/2022,NS,149.06,139.98,NS,127.18,140.70,103.64,111.73,89.83
22/01/2022,166.24,148.01,146.52,NS,120.57,142.85,100.07,109.38,88.30
15/01/2022,175.82,151.42,152.10,NS,129.16,142.55,97.92,112.60,89.91
08/01/2022,180.49,153.81,155.39,NS,126.04,140.21,96.41,112.37,89.13
01/01/2022,191.56,162.42,165.34,NS,144.13,NS,NS,NS,NS
29/07/2023,224.21,210.37,173.6,NS,158.69,126,93.3,101.32,81.23
22/07/2023,232.14,210.43,178.53,NS,145.04,126.63,94.05,102.46,82.26
15/07/2023,235.72,213.6,184.32,NS,163.34,126.17,91.1,105.5,82.44
08/07/2023,238.82,215.23,182.15,NS,167.25,128.51,93.07,105.6,84.79
01/07/2023,241.71,213.56,187.14,NS,152.62,131.42,94.79,106.04,87.19
24/06/2023,235.75,213.03,186.53,NS,190.59,128.57,97.18,105.73,91.0
17/06/2023,236.22,217.54,180.94,NS,142.35,129.21,96.58,106.16,89.22
10/06/2023,225.96,215.78,180.21,NS,163.69,130.81,95.96,106.77,90.01
03/06/2023,199.47,206.53,179.91,NS,149.2,131.33,93.26,105.97,90.31
27/05/2023,186.28,193.01,182.67,NS,171.88,133.12,95.46,110.05,93.04
20/05/2023,183.69,183.62,182.7,NS,158.98,134.61,99.93,111.21,95.97
13/05/2023,194.3,190.91,181.91,NS,158.89,135.98,103.28,115.51,104.58
06/05/2023,189.32,193.24,175.95,NS,160.77,138.95,107.34,117.55,107.99
29/04/2023,200.11,200.93,176.79,NS,201.24,137.79,109.33,120.78,106.45
22/04/2023,197.09,213.97,182.95,NS,162.07,138.16,110.92,122.44,104.91
15/04/2023,184.54,222.77,188.18,NS,226.70,137.80,108.61,123.49,105.15
08/04/2023,199.49,215.23,201.48,NS,193.93,NS,108.89,123.11,105.21
01/04/2023,NS,171.99,199.27,NS,NS,139.84,110.02,118.85,107.84
25/03/2023,149.89,139.38,154.42,NS,NS,142.18,112.46,124.26,109.27
18/03/2023,NS,NS,NS,NS,NS,142.8,113.71,122.49,106.86
11/03/2023,140.14,135.90,139.16,NS,NS,144.67,114.55,125.58,108.45
04/03/2023,149.57,134.52,130.25,NS,NS,145.36,116.79,125.11,109.2
25/02/2023,NS,NS,NS,NS,NS,147.46,117.15,128.06,112.18
18/02/2023,153.26,139.48,132.68,NS,NS,150.34,117.6,127.83,115.73
11/02/2023,148.58,140.69,132.89,NS,116.08,152.09,119.22,129.15,117.79
04/02/2023,148.16,141.62,132.78,NS,NS,151.29,118.64,129.83,113.39
28/01/2023,153.55,140.58,140.01,NS,119.41,149.40,117.51,126.11,111.19
21/01/2023,152.02,139.6,138.39,NS,114.83,143.28,114.9,126.78,108.78
14/01/2023,162.08,144.66,145.15,NS,134.87,143.83,113.77,120.92,105.31
07/01/2023,167.96,147.71,150.71,NS,118.65,141.67,112.7,120.44,104.35
